page_title,rev_id,timestamp,user,is_bot,delta,perplexity,burstiness,mean_dep_depth,clause_ratio,voice_ratio,fre,fog,chars_per_sent,sents_per_para,nTTR,word_density,avg_line_len,citation_delta
Python (programming language),1145862507,2023-03-21T11:50:34Z,Comp.arch,False,-0.0001,699.940185546875,0.05143129347566185,4.51,0.7009646302250804,0.9850537634408603,40.60709022845242,15.440363105227533,158.18006430868166,311,7.557909763949289,0.3414210388088648,49499.0,0.025843503230437905
Python (programming language),1144434497,2023-03-13T19:11:54Z,Thumperward,False,-0.0001,699.940185546875,0.05143129347566185,4.511772927642189,0.7041800643086816,0.9850553703902806,40.60175938851208,15.440272998990437,158.2122186495177,311,7.557909763949289,0.3413520774000687,49509.0,0.025841442016270536
Python (programming language),1144432784,2023-03-13T19:00:30Z,Thumperward,False,-0.0001,699.940185546875,0.05143129347566185,4.511772927642189,0.7041800643086816,0.9850553703902806,40.60175938851208,15.440272998990437,158.2122186495177,311,7.557909763949289,0.3413520774000687,49509.0,0.02584968884633796
Python (programming language),1140647220,2023-02-21T02:12:18Z,Tdmurlock,False,-0.0001,699.940185546875,0.05143129347566185,4.509014810045074,0.7083333333333334,0.9849753165915432,40.57708266259178,15.449660344476854,158.0,312,7.557909763949289,0.3407120680617717,49602.0,0.02591414944356121
Python (programming language),1138397948,2023-02-09T13:16:31Z,AirshipJungleman29,False,-0.0001,681.6410522460938,0.05143129347566185,4.509768140832976,0.7083333333333334,0.9849720910261915,40.571269208563336,15.449748200493795,157.96794871794873,312,7.513188404399293,0.3387643168252944,49592.0,0.02591414944356121
Python (programming language),1136880732,2023-02-01T17:08:07Z,Comp.arch,False,-0.0001,681.6410522460938,0.05143129347566185,4.509768140832976,0.7083333333333334,0.9849720910261915,40.571269208563336,15.449748200493795,157.96794871794873,312,7.513188404399293,0.3387643168252944,49592.0,0.025910030201875694
Python (programming language),1136493577,2023-01-30T16:06:17Z,Comp.arch,False,-0.0001,681.6410522460938,0.05143129347566185,4.512947244009885,0.7138263665594855,0.9849575588266896,40.59790776379825,15.43965010184096,158.34726688102893,311,7.513188404399293,0.3390446206938306,49551.0,0.02593270225121311
Python (programming language),1136468201,2023-01-30T13:20:13Z,Jumbo T,False,-0.0001,681.6410522460938,0.05143129347566185,4.511650381187588,0.7170418006430869,0.9849672500805325,40.621162778625376,15.439300315984468,158.40192926045017,311,7.513188404399293,0.33892834086507423,49568.0,0.025924453280318092
Python (programming language),1136459907,2023-01-30T12:13:34Z,Comp.arch,False,-0.0001,681.6410522460938,0.05143129347566185,4.512947244009885,0.7138263665594855,0.9849575588266896,40.609055477594524,15.43965010184096,158.33762057877814,311,7.513188404399293,0.33906514894647616,49548.0,0.02593270225121311
Python (programming language),1136326866,2023-01-29T20:43:04Z,Jumbo T,False,-0.0001,681.6410522460938,0.05143129347566185,4.511650381187588,0.7170418006430869,0.9849672500805325,40.621162778625376,15.439300315984468,158.40192926045017,311,7.513188404399293,0.33892834086507423,49568.0,0.025924453280318092
Python (programming language),1136252540,2023-01-29T13:23:03Z,Akeosnhaoe,False,-0.0001,681.6410522460938,0.05143129347566185,4.513470001073307,0.7225806451612903,0.9849737039819685,40.637820363510315,15.451640547255696,158.9225806451613,310,7.513188404399293,0.33891466612870685,49570.0,0.025916209555608555
Python (programming language),1136245634,2023-01-29T12:29:08Z,Akeosnhaoe,False,-0.0001,681.6410522460938,0.05143129347566185,4.512715956647709,0.7225806451612903,0.9849769288550274,40.637820363510315,15.451640547255696,158.92903225806452,310,7.513188404399293,0.3389009924957637,49572.0,0.025916209555608555
Python (programming language),1136228687,2023-01-29T10:05:17Z,Femke,False,-0.0001,681.6410522460938,0.05143129347566185,4.511585496674534,0.7225806451612903,0.9849817635700493,40.58839412497073,15.461919452190182,159.03548387096774,310,7.513188404399293,0.338675536740248,49605.0,0.025905912269548633
Python (programming language),1135793313,2023-01-26T22:06:40Z,Citation bot,True,-0.0001,681.6410522460938,0.05143129347566185,4.513128282070517,0.7225806451612903,0.9849962490622656,40.63067239290089,15.448375968360239,159.20322580645163,310,7.513188404399293,0.33832088124534304,49657.0,0.025887397760660683
Python (programming language),1135607474,2023-01-25T18:58:20Z,Artem.G,False,-0.0001,681.6410522460938,0.05143129347566185,4.513128282070517,0.7225806451612903,0.9849962490622656,40.63067239290089,15.448375968360239,159.20322580645163,310,7.513188404399293,0.33832088124534304,49657.0,0.02589150980859344
Python (programming language),1135607367,2023-01-25T18:57:17Z,Artem.G,False,-0.0001,681.6410522460938,0.05143129347566185,4.516543527144234,0.7225806451612903,0.9850091016168755,40.610244423663005,15.458217986724998,159.3516129032258,310,7.513188404399293,0.33800776613081707,49703.0,0.025963745745270324
Python (programming language),1135607219,2023-01-25T18:56:03Z,Artem.G,False,-0.0001,681.6410522460938,0.05143129347566185,4.511106364801367,0.7202572347266881,0.9849423323366083,40.52789355970114,15.47506735119199,159.35369774919613,311,7.513188404399293,0.3369164126423873,49864.0,0.02608077135857109
Python (programming language),1135291899,2023-01-23T19:48:53Z,BlancheX,False,-0.0001,681.6410522460938,0.05143129347566185,4.4903307619148265,0.7120253164556962,0.984782838423333,40.72696143001701,15.389905976653655,158.56012658227849,316,7.513188404399293,0.3332341565010414,50415.0,0.02596893142946807
Python (programming language),1135281264,2023-01-23T18:31:06Z,Fbergo,False,-0.0001,667.0406494140625,0.05143129347566185,4.4905441098785,0.7120253164556962,0.9847860538827259,40.693658235249245,15.384893623790118,158.56012658227849,316,7.468467044849297,0.3312506198552018,50415.0,0.025973006905210295
Python (programming language),1135278023,2023-01-23T18:05:44Z,Jrovc,False,-0.0001,667.0406494140625,0.05143129347566185,4.4905441098785,0.7120253164556962,0.9847860538827259,40.693658235249245,15.384893623790118,158.56012658227849,316,7.468467044849297,0.3312506198552018,50415.0,0.025970969007453902
Python (programming language),1134491407,2023-01-18T23:50:59Z,Jumbo T,False,-0.0001,667.0406494140625,0.05143129347566185,4.4905441098785,0.7120253164556962,0.9847860538827259,40.693658235249245,15.384893623790118,158.56012658227849,316,7.468467044849297,0.3312506198552018,50415.0,0.025973006905210295
Python (programming language),1134490809,2023-01-18T23:46:35Z,Paulehoffman,False,-0.0001,667.0406494140625,0.05143129347566185,4.4905441098785,0.7120253164556962,0.9847860538827259,40.693658235249245,15.384893623790118,158.56012658227849,316,7.468467044849297,0.3312506198552018,50415.0,0.025970969007453902
Python (programming language),1134490656,2023-01-18T23:45:29Z,Paulehoffman,False,-0.0001,667.0406494140625,0.05143129347566185,4.4899619611158075,0.7120253164556962,0.9847844463229078,40.68794927026312,15.384975506565253,158.54430379746836,316,7.468467044849297,0.33128347550089265,50410.0,0.025970969007453902
Python (programming language),1134096875,2023-01-17T00:30:09Z,Paulehoffman,False,-0.0001,667.0406494140625,0.05143129347566185,4.5285910580276925,0.7088607594936709,0.9847796216044815,40.670809740733546,15.385222765461748,158.49683544303798,316,7.468467044849297,0.3313820815557099,50395.0,0.0259770836603359
Python (programming language),1132361780,2023-01-08T14:34:31Z,Michael2668,False,-0.0001,667.0406494140625,0.05143129347566185,4.5285910580276925,0.7088607594936709,0.9847796216044815,40.670809740733546,15.385222765461748,158.49683544303798,316,7.468467044849297,0.3313820815557099,50395.0,0.025922155219672643
Python (programming language),1131724939,2023-01-05T12:57:54Z,Pol098,False,-0.0001,667.0406494140625,0.05143129347566185,4.5285910580276925,0.7088607594936709,0.9847796216044815,40.670809740733546,15.385222765461748,158.49683544303798,316,7.468467044849297,0.3313820815557099,50395.0,0.025922155219672643
Python (programming language),1131681539,2023-01-05T07:41:19Z,Citation bot,True,-0.0001,667.0406494140625,0.05143129347566185,4.5285910580276925,0.7088607594936709,0.9847796216044815,40.670809740733546,15.385222765461748,158.49683544303798,316,7.468467044849297,0.3313820815557099,50395.0,0.025920125293657007
Python (programming language),1131661895,2023-01-05T05:15:29Z,GÃ¼nniX,False,-0.0001,667.0406494140625,0.05143129347566185,4.5285910580276925,0.7088607594936709,0.9847796216044815,40.670809740733546,15.385222765461748,158.49683544303798,316,7.468467044849297,0.3313820815557099,50395.0,0.025922155219672643
Python (programming language),1131306264,2023-01-03T15:04:18Z,Pol098,False,-0.0001,667.0406494140625,0.05143129347566185,4.540175271882589,0.7066246056782335,0.9847956921127653,40.70537939476296,15.3725069176111,158.0851735015773,317,7.468467044849297,0.33119149611296206,50424.0,0.025918095685537546
Python (programming language),1131305593,2023-01-03T14:59:38Z,Pol098,False,-0.0001,667.0406494140625,0.05143129347566185,4.539818335445712,0.7012578616352201,0.9846852555978032,40.68871037190442,15.377769066725836,157.57232704402514,318,7.468467044849297,0.3312177707259024,50420.0,0.025920125293657007
Python (programming language),1131305280,2023-01-03T14:57:19Z,Pol098,False,-0.0001,667.0406494140625,0.05143129347566185,4.539818335445712,0.7012578616352201,0.9846852555978032,40.68871037190442,15.377769066725836,157.57232704402514,318,7.468467044849297,0.3312177707259024,50420.0,0.025920125293657007
Python (programming language),1131304353,2023-01-03T14:50:54Z,Pol098,False,-0.0001,667.0406494140625,0.05143129347566185,4.518917776368633,0.7012578616352201,0.9846755442823927,40.68721934369603,15.378287688132247,157.4685534591195,318,7.468467044849297,0.3314346954571616,50387.0,0.02605351957937691
Python (programming language),1131303530,2023-01-03T14:45:16Z,Pol098,False,-0.0001,667.0406494140625,0.05143129347566185,4.518816067653277,0.7012578616352201,0.9846723044397463,40.66428304821153,15.378638821002738,157.40880503144655,318,7.468467044849297,0.3315597204574333,50368.0,0.02609922407712203
Python (programming language),1131301654,2023-01-03T14:31:56Z,Pol098,False,-0.0001,667.0406494140625,0.05143129347566185,4.514850438642849,0.6949685534591195,0.9846739245322904,40.68519260027668,15.368620825923731,157.35849056603774,318,7.468467044849297,0.33166507785192245,50352.0,0.026177600125401677
Python (programming language),1131297297,2023-01-03T14:02:11Z,Pol098,False,-0.0001,667.0406494140625,0.05143129347566185,4.506604670823206,0.6949685534591195,0.9846771636901617,40.66325276625176,15.378994269907134,157.37735849056602,318,7.468467044849297,0.33162556098335916,50358.0,0.026177600125401677
Python (programming language),1131296311,2023-01-03T13:55:21Z,Pol098,False,-0.0001,667.0406494140625,0.05143129347566185,4.574627653955846,0.6949685534591195,0.984683637900074,40.66325276625176,15.378994269907134,157.38993710691824,318,7.468467044849297,0.33159922163536,50362.0,0.026177600125401677
Python (programming language),1131294653,2023-01-03T13:44:16Z,Pol098,False,-0.0001,667.0406494140625,0.05143129347566185,4.5807200929152145,0.6949685534591195,0.9846901066413262,40.70713243430157,15.378994269907134,157.40251572327045,318,7.468467044849297,0.33157288647103206,50366.0,0.026181704162420633
Machine learning,1146947414,2023-03-27T22:50:47Z,Smmgeek,False,0.00013369946249123626,196.71798706054688,1.1104342511720349,3.520636550308008,0.830945558739255,0.985523613963039,23.567371200530687,18.210186819182937,164.5157593123209,349,7.02125344934934,0.27180028738119555,57763.0,0.012527697289926708
Machine learning,1146898690,2023-03-27T16:39:29Z,MrOllie,False,0.00013369946249123626,196.71798706054688,1.1104342511720349,3.520636550308008,0.830945558739255,0.985523613963039,23.567371200530687,18.210186819182937,164.5157593123209,349,7.02125344934934,0.27180028738119555,57763.0,0.012527697289926708
Machine learning,1146895902,2023-03-27T16:19:19Z,Machinelearningsource,False,0.00013318176518596246,196.71798706054688,1.1104342511720349,3.518693024685035,0.8285714285714286,0.9855577179145755,23.51711430115091,18.214255153968026,164.47142857142856,350,7.02125344934934,0.27109629962184656,57913.0,0.012580754845290717
Machine learning,1146721603,2023-03-26T15:37:56Z,Mako001,False,0.00013369946249123626,196.71798706054688,1.1104342511720349,3.520636550308008,0.830945558739255,0.985523613963039,23.567371200530687,18.210186819182937,164.5157593123209,349,7.02125344934934,0.27180028738119555,57763.0,0.012527697289926708
Machine learning,1146721573,2023-03-26T15:37:40Z,Hyagtyfvytv,False,0.0,0.0,0.0,0.0,0.0,0.0,0.0,0.0,0.0,0,0.0,0.0,0.0,0.0
Machine learning,1146718073,2023-03-26T15:09:00Z,Mrnndubai,False,0.00013369946249123626,196.71798706054688,1.1104342511720349,3.520636550308008,0.830945558739255,0.985523613963039,23.567371200530687,18.210186819182937,164.5157593123209,349,7.02125344934934,0.27180028738119555,57763.0,0.012527697289926708
Machine learning,1146717130,2023-03-26T15:01:56Z,Mrnndubai,False,0.00013369946249123626,196.71798706054688,1.1104342511720349,3.520636550308008,0.830945558739255,0.985523613963039,23.567371200530687,18.210186819182937,164.5157593123209,349,7.02125344934934,0.27180028738119555,57763.0,0.012527697289926708
Machine learning,1146644940,2023-03-26T03:48:22Z,Guessitsavis,False,0.00013369946249123626,196.71798706054688,1.1104342511720349,3.520636550308008,0.830945558739255,0.985523613963039,23.567371200530687,18.210186819182937,164.5157593123209,349,7.02125344934934,0.27180028738119555,57763.0,0.012527697289926708
Machine learning,1146644892,2023-03-26T03:47:57Z,2600:4040:A50A:E500:523:2230:902:B1F0,False,0.00013369946249123626,204.87950134277344,0.7455463929024233,3.520636550308008,0.830945558739255,0.985523613963039,23.577327655750167,18.210186819182937,164.5157593123209,349,7.02125344934934,0.27180028738119555,57763.0,0.012527697289926708
Machine learning,1146644836,2023-03-26T03:47:21Z,Materialscientist,False,0.00013369946249123626,196.71798706054688,1.1104342511720349,3.520636550308008,0.830945558739255,0.985523613963039,23.567371200530687,18.210186819182937,164.5157593123209,349,7.02125344934934,0.27180028738119555,57763.0,0.012527697289926708
Machine learning,1146644788,2023-03-26T03:46:52Z,2600:4040:A50A:E500:523:2230:902:B1F0,False,0.00013369946249123626,203.03915405273438,0.8553841146949059,3.520739219712526,0.833810888252149,0.985523613963039,23.577327655750167,18.210186819182937,164.5186246418338,349,7.02125344934934,0.2717955820234056,57764.0,0.012527697289926708
Machine learning,1145685642,2023-03-20T12:37:06Z,2001:6B0:17:FC11:1000:0:0:ED95,False,0.00013369946249123626,196.71798706054688,1.1104342511720349,3.520636550308008,0.830945558739255,0.985523613963039,23.567371200530687,18.210186819182937,164.5157593123209,349,7.02125344934934,0.27180028738119555,57763.0,0.012527697289926708
Machine learning,1145357195,2023-03-18T18:42:15Z,Raine124,False,0.00013046784973496197,196.71798706054688,1.1104342511720349,3.5200404858299597,0.8328611898016998,0.9856275303643725,23.988159667737648,18.16800843727226,164.54957507082153,353,7.02125344934934,0.2686654003456714,58437.0,0.01306803810808532
Machine learning,1145356670,2023-03-18T18:39:25Z,Raine124,False,0.00013046784973496197,196.71798706054688,1.1104342511720349,3.5200404858299597,0.8328611898016998,0.9856275303643725,23.988159667737648,18.16800843727226,164.54957507082153,353,7.02125344934934,0.2686654003456714,58437.0,0.01306803810808532
Machine learning,1144451785,2023-03-13T21:03:17Z,Khrincan,False,0.00013046784973496197,196.71798706054688,1.1104342511720349,3.5200404858299597,0.8328611898016998,0.9856275303643725,23.988159667737648,18.16800843727226,164.54957507082153,353,7.02125344934934,0.2686654003456714,58437.0,0.01306803810808532
Machine learning,1144451662,2023-03-13T21:02:42Z,2601:281:8580:C2A0:5177:934C:9587:EDD2,False,0.00013044129508007834,231.36695861816406,1.2962384642449172,3.519481833822488,0.8328611898016998,0.9856289849205546,23.984525540584315,18.17259905676564,164.54957507082153,353,7.155417527999327,0.2737991341102384,58437.0,0.013066936435676952
Machine learning,1143228368,2023-03-06T15:48:02Z,2601:647:5F01:D550:3D34:6751:617D:C9FD,False,0.00013046784973496197,196.71798706054688,1.1104342511720349,3.5200404858299597,0.8328611898016998,0.9856275303643725,23.988159667737648,18.16800843727226,164.54957507082153,353,7.02125344934934,0.2686654003456714,58437.0,0.01306803810808532
Machine learning,1142054368,2023-02-28T07:31:00Z,Zac67,False,0.00013046784973496197,196.71798706054688,1.1104342511720349,3.5198866511486693,0.8328611898016998,0.9856289849205546,23.988159667737648,18.16800843727226,164.55240793201133,353,7.02125344934934,0.26866080290222116,58438.0,0.01306803810808532
Machine learning,1142052549,2023-02-28T07:14:05Z,202.28.118.88,False,0.00012899015342340278,196.71798706054688,1.1104342511720349,3.5466250880193138,0.8328611898016998,0.9857157227643094,23.667919205486527,18.243886818299075,165.73937677053826,353,7.02125344934934,0.26674822026267053,58857.0,0.013142571951422393
Machine learning,1141322403,2023-02-24T13:32:46Z,Zac67,False,0.00013046784973496197,196.71798706054688,1.1104342511720349,3.5198866511486693,0.8328611898016998,0.9856289849205546,23.988159667737648,18.16800843727226,164.55240793201133,353,7.02125344934934,0.26866080290222116,58438.0,0.01306803810808532
Machine learning,1141310345,2023-02-24T11:51:42Z,AshokShauryaSingh,False,0.0001301760847047992,196.71798706054688,1.1104342511720349,3.518215763447371,0.8333333333333334,0.985669593299021,23.996093311036788,18.149342251950948,164.4322033898305,354,7.02125344934934,0.2680965147453083,58561.0,0.013059229926699806
Machine learning,1141310191,2023-02-24T11:50:29Z,AshokShauryaSingh,False,0.0001301760847047992,196.71798706054688,1.1104342511720349,3.518215763447371,0.8333333333333334,0.985669593299021,23.996093311036788,18.149342251950948,164.4322033898305,354,7.02125344934934,0.2680965147453083,58561.0,0.013059229926699806
Machine learning,1139703664,2023-02-16T13:27:20Z,MrOllie,False,0.00013046784973496197,196.71798706054688,1.1104342511720349,3.5198866511486693,0.8328611898016998,0.9856289849205546,23.988159667737648,18.16800843727226,164.55240793201133,353,7.02125344934934,0.26866080290222116,58438.0,0.01306803810808532
Machine learning,1139694096,2023-02-16T12:03:51Z,MugdhaSP,False,0.00012951572182694514,196.71798706054688,1.1104342511720349,3.5207094628640534,0.8413597733711048,0.9856898115489268,24.07073167955295,18.1623996570229,165.24929178470256,353,7.02125344934934,0.2675345920523482,58684.0,0.013035068539231351
Machine learning,1139073347,2023-02-13T06:21:49Z,Sugudoo,False,0.00013046784973496197,196.71798706054688,1.1104342511720349,3.5198866511486693,0.8328611898016998,0.9856289849205546,23.988159667737648,18.16800843727226,164.55240793201133,353,7.02125344934934,0.26866080290222116,58438.0,0.01306803810808532
Machine learning,1138583125,2023-02-10T12:54:58Z,Nthep,False,0.00013046784973496197,196.71798706054688,1.1104342511720349,3.5198866511486693,0.8328611898016998,0.9856289849205546,23.988159667737648,18.16800843727226,164.55240793201133,353,7.02125344934934,0.26866080290222116,58438.0,0.01307134424017541
Machine learning,1138572208,2023-02-10T11:26:23Z,Wiae,False,0.00013046784973496197,196.71798706054688,1.1104342511720349,3.5198866511486693,0.8328611898016998,0.9856289849205546,23.988159667737648,18.16800843727226,164.55240793201133,353,7.02125344934934,0.26866080290222116,58438.0,0.013070242010287546
Machine learning,1138571995,2023-02-10T11:24:58Z,Wiae,False,0.00013046784973496197,196.71798706054688,1.1104342511720349,3.5198866511486693,0.8328611898016998,0.9856289849205546,23.988159667737648,18.16800843727226,164.55240793201133,353,7.02125344934934,0.26866080290222116,58438.0,0.01307134424017541
Machine learning,1138529668,2023-02-10T04:59:58Z,Engineers Word,False,0.0,0.0,0.0,0.0,0.0,0.0,0.0,0.0,0.0,0,0.0,0.0,0.0,0.0
Machine learning,1138528457,2023-02-10T04:49:34Z,MrOllie,False,0.00013046784973496197,196.71798706054688,1.1104342511720349,3.5198866511486693,0.8328611898016998,0.9856289849205546,23.988159667737648,18.16800843727226,164.55240793201133,353,7.02125344934934,0.26866080290222116,58438.0,0.01307134424017541
Machine learning,1138528233,2023-02-10T04:47:11Z,Engineers Word,False,0.0,0.0,0.0,0.0,0.0,0.0,0.0,0.0,0.0,0,0.0,0.0,0.0,0.0
Machine learning,1138477430,2023-02-09T22:24:52Z,108.34.149.124,False,0.00013046784973496197,196.71798706054688,1.1104342511720349,3.5198866511486693,0.8328611898016998,0.9856289849205546,23.988159667737648,18.16800843727226,164.55240793201133,353,7.02125344934934,0.26866080290222116,58438.0,0.01307134424017541
Machine learning,1136021171,2023-01-28T07:51:01Z,Extraordinary Writ,False,0.00013044129508007834,193.02381896972656,1.0691768697521147,3.520234722784298,0.8328611898016998,0.9856333468231485,24.00416570309156,18.16795599234312,164.55807365439094,353,7.02125344934934,0.26865160848733743,58440.0,0.013070242010287546
Machine learning,1135948245,2023-01-27T21:22:37Z,Philipnelson99,False,0.00013044129508007834,193.02381896972656,1.0691768697521147,3.520234722784298,0.8328611898016998,0.9856333468231485,24.00416570309156,18.16795599234312,164.55807365439094,353,7.02125344934934,0.26865160848733743,58440.0,0.013069139966273187
Machine learning,1135948212,2023-01-27T21:22:23Z,Aliraza97856,False,0.0,0.0,0.0,0.0,0.0,0.0,0.0,0.0,0.0,0,0.0,0.0,0.0,0.0
Machine learning,1135947853,2023-01-27T21:19:32Z,Hilst,False,0.00013044129508007834,193.02381896972656,1.0691768697521147,3.520234722784298,0.8328611898016998,0.9856333468231485,24.00416570309156,18.16795599234312,164.55807365439094,353,7.02125344934934,0.26865160848733743,58440.0,0.013069139966273187
Machine learning,1135947699,2023-01-27T21:18:26Z,Hilst,False,0.00013044129508007834,193.02381896972656,1.0691768697521147,3.520234722784298,0.8328611898016998,0.9856333468231485,24.00416570309156,18.16795599234312,164.55807365439094,353,7.02125344934934,0.26865160848733743,58440.0,0.013069139966273187
Machine learning,1135947628,2023-01-27T21:17:50Z,Aliraza97856,False,0.0,0.0,0.0,0.0,0.0,0.0,0.0,0.0,0.0,0,0.0,0.0,0.0,0.0
Machine learning,1135947459,2023-01-27T21:16:20Z,Hilst,False,0.00013044129508007834,193.02381896972656,1.0691768697521147,3.520234722784298,0.8328611898016998,0.9856333468231485,24.00416570309156,18.16795599234312,164.55807365439094,353,7.02125344934934,0.26865160848733743,58440.0,0.013069139966273187
Machine learning,1135947398,2023-01-27T21:15:51Z,Hilst,False,0.00013044129508007834,193.02381896972656,1.0691768697521147,3.520234722784298,0.8328611898016998,0.9856333468231485,24.00416570309156,18.16795599234312,164.55807365439094,353,7.02125344934934,0.26865160848733743,58440.0,0.013070242010287546
Machine learning,1135947349,2023-01-27T21:15:35Z,Aliraza97856,False,0.0,0.0,0.0,0.0,0.0,0.0,0.0,0.0,0.0,0,0.0,0.0,0.0,0.0
Machine learning,1135947161,2023-01-27T21:14:05Z,Aliraza97856,False,0.0,0.0,0.0,0.0,0.0,0.0,0.0,0.0,0.0,0,0.0,0.0,0.0,0.0
Machine learning,1135947019,2023-01-27T21:12:46Z,Aliraza97856,False,0.0,0.0,0.0,0.0,0.0,0.0,0.0,0.0,0.0,0,0.0,0.0,0.0,0.0
Machine learning,1135944759,2023-01-27T20:55:00Z,Velella,False,0.00013044129508007834,193.02381896972656,1.0691768697521147,3.520234722784298,0.8328611898016998,0.9856333468231485,24.00416570309156,18.16795599234312,164.55807365439094,353,7.02125344934934,0.26865160848733743,58440.0,0.013070242010287546
Machine learning,1135934346,2023-01-27T19:40:05Z,2405:201:2030:5026:B301:42FB:579B:9282,False,0.0001304147465437788,197.05615234375,1.0691768697521147,3.519979767324229,0.8328611898016998,0.9856348002023267,24.00416570309156,18.16795599234312,164.56940509915015,353,7.02125344934934,0.26863322154541097,58444.0,0.013069139966273187
Machine learning,1135115119,2023-01-22T18:41:43Z,Tassedethe,False,0.00013044129508007834,193.02381896972656,1.0691768697521147,3.520234722784298,0.8328611898016998,0.9856333468231485,24.00416570309156,18.16795599234312,164.55807365439094,353,7.02125344934934,0.26865160848733743,58440.0,0.013070242010287546
Machine learning,1134960148,2023-01-21T19:05:52Z,Jarble,False,0.00013044129508007834,193.02381896972656,1.0691768697521147,3.520234722784298,0.8328611898016998,0.9856333468231485,24.00416570309156,18.16795599234312,164.55807365439094,353,7.02125344934934,0.26865160848733743,58440.0,0.013076858179363875
Machine learning,1134142762,2023-01-17T05:33:59Z,Yello231,False,0.00013044129508007834,193.02381896972656,1.0691768697521147,3.520234722784298,0.8328611898016998,0.9856333468231485,24.00416570309156,18.16795599234312,164.55807365439094,353,7.02125344934934,0.26865160848733743,58440.0,0.013077961525480932
Machine learning,1133589349,2023-01-14T15:29:51Z,Jrovc,False,0.00013044129508007834,193.02381896972656,1.0691768697521147,3.520234722784298,0.8328611898016998,0.9856333468231485,24.00416570309156,18.16795599234312,164.55807365439094,353,7.02125344934934,0.26865160848733743,58440.0,0.013292170482805935
Machine learning,1133588965,2023-01-14T15:27:37Z,Jrovc,False,0.00013044129508007834,193.02381896972656,1.0691768697521147,3.520234722784298,0.8328611898016998,0.9856333468231485,24.00416570309156,18.16795599234312,164.55807365439094,353,7.02125344934934,0.26865160848733743,58440.0,0.01330243734981119
Machine learning,1133588500,2023-01-14T15:24:30Z,Jrovc,False,0.00013044129508007834,193.02381896972656,1.0691768697521147,3.520234722784298,0.8328611898016998,0.9856333468231485,24.00416570309156,18.16795599234312,164.55807365439094,353,7.02125344934934,0.26865160848733743,58440.0,0.013309290743602953
Machine learning,1133370518,2023-01-13T12:48:16Z,Zac67,False,0.00013044129508007834,193.02381896972656,1.0691768697521147,3.520234722784298,0.8328611898016998,0.9856333468231485,24.00416570309156,18.16795599234312,164.55807365439094,353,7.02125344934934,0.26865160848733743,58440.0,0.013321873657069187
Machine learning,1133349097,2023-01-13T09:56:32Z,223.181.171.87,False,0.00013044129508007834,193.02381896972656,1.0691768697521147,3.520234722784298,0.8328611898016998,0.9856333468231485,24.00416570309156,18.16795599234312,164.55807365439094,353,7.02125344934934,0.26865160848733743,58440.0,0.013323018738181192
Machine learning,1133349028,2023-01-13T09:55:55Z,223.181.171.87,False,0.00013046784973496197,193.02381896972656,1.0691768697521147,3.519983810583831,0.8328611898016998,0.9856318931498533,24.01762333154076,18.16800843727226,164.54107648725213,353,7.02125344934934,0.26867919362015263,58434.0,0.013323018738181192
Machine learning,1133168234,2023-01-12T14:36:06Z,223.181.171.87,False,0.00013044129508007834,193.02381896972656,1.0691768697521147,3.520234722784298,0.8328611898016998,0.9856333468231485,24.00416570309156,18.16795599234312,164.55807365439094,353,7.02125344934934,0.26865160848733743,58440.0,0.013321873657069187
Machine learning,1133168147,2023-01-12T14:35:31Z,223.181.171.87,False,0.00013044129508007834,193.02381896972656,1.0691768697521147,3.5266619447536174,0.8323863636363636,0.9856318931498533,24.01398578434521,18.16795599234312,165.04545454545453,352,7.02125344934934,0.26862402901823906,58446.0,0.013321873657069187
Machine learning,1131287733,2023-01-03T12:54:13Z,Stats Count,False,0.00013044129508007834,193.02381896972656,1.0691768697521147,3.520234722784298,0.8328611898016998,0.9856333468231485,24.00416570309156,18.16795599234312,164.55807365439094,353,7.02125344934934,0.26865160848733743,58440.0,0.013321873657069187
Machine learning,1130899780,2023-01-01T14:46:38Z,Zac67,False,1.5207373271889396e-05,193.02381896972656,1.0691768697521147,3.5263530601922106,0.8328611898016998,0.9856348002023267,24.000529534339194,18.167903798278086,164.56657223796034,353,7.02125344934934,0.2686378180449327,58443.0,0.013323018738181192
Machine learning,1130883349,2023-01-01T13:05:22Z,103.141.93.150,False,1.5180833909237494e-05,193.02381896972656,1.0691768697521147,3.5260443005967432,0.8328611898016998,0.9856377060786892,24.012891237387407,18.16780016239103,164.58923512747876,353,7.02125344934934,0.26860105045251575,58451.0,0.013320728772774149
Artificial intelligence,1147438139,2023-03-30T23:40:44Z,Maxeto0910,False,-0.0001,293.28314208984375,1.8762886815609472,3.569286369275581,0.8380782918149466,0.9907762015211177,31.345083649290842,16.023169596900868,188.0017793594306,562,6.976532089799344,0.1468885059744075,106203.0,0.007199794291591669
Artificial intelligence,1147437993,2023-03-30T23:38:57Z,Maxeto0910,False,-0.0001,293.28314208984375,1.8762886815609472,3.5499460625674217,0.8365896980461812,0.9907766990291262,31.36617873626392,16.014856262133158,187.6696269982238,563,6.976532089799344,0.14688573984275693,106205.0,0.007199794291591669
Artificial intelligence,1147437802,2023-03-30T23:36:39Z,Maxeto0910,False,-0.0001,293.28314208984375,1.8762886815609472,3.5498085324416158,0.8365896980461812,0.9907771964834691,31.36617873626392,16.014856262133158,187.67317939609237,563,6.976532089799344,0.14688297381528526,106207.0,0.007199794291591669
Artificial intelligence,1147437207,2023-03-30T23:30:23Z,Maxeto0910,False,-0.0001,293.28314208984375,1.8762886815609472,3.5496710171502537,0.8365896980461812,0.9907776938841549,31.36617873626392,16.014856262133158,187.67673179396093,563,6.976532089799344,0.14688020789198655,106209.0,0.007199794291591669
Artificial intelligence,1147437014,2023-03-30T23:28:33Z,Maxeto0910,False,-0.0001,293.28314208984375,1.8762886815609472,3.5491993314282633,0.8365896980461812,0.9907801800830323,31.390589656325943,16.00606564271153,187.7158081705151,563,6.976532089799344,0.14684840725958279,106232.0,0.007198313537971104
Artificial intelligence,1147436764,2023-03-30T23:25:58Z,Maxeto0910,False,-0.0001,293.28314208984375,1.8762886815609472,3.5491993314282633,0.8365896980461812,0.9907801800830323,31.390589656325943,16.00606564271153,187.7158081705151,563,6.976532089799344,0.14684840725958279,106232.0,0.007198313537971104
Artificial intelligence,1147436675,2023-03-30T23:24:58Z,Maxeto0910,False,-0.0001,293.28314208984375,1.8762886815609472,3.5491993314282633,0.8365896980461812,0.9907801800830323,31.390589656325943,16.00606564271153,187.7158081705151,563,6.976532089799344,0.14684840725958279,106232.0,0.007198313537971104
Artificial intelligence,1147436440,2023-03-30T23:22:27Z,Maxeto0910,False,-0.0001,293.28314208984375,1.8762886815609472,3.5487384084537417,0.8398576512455516,0.9907806771619582,31.411591568573954,15.997789027047293,188.05516014234877,562,6.976532089799344,0.1468456426379502,106234.0,0.007198313537971104
Artificial intelligence,1147436386,2023-03-30T23:21:54Z,Maxeto0910,False,-0.0001,293.28314208984375,1.8762886815609472,3.5487384084537417,0.8398576512455516,0.9907806771619582,31.411591568573954,15.997789027047293,188.05516014234877,562,6.976532089799344,0.1468456426379502,106234.0,0.007198313537971104
Artificial intelligence,1147436249,2023-03-30T23:20:28Z,Maxeto0910,False,-0.0001,293.28314208984375,1.8762886815609472,3.5546626395555796,0.8561151079136691,0.9907771964834691,31.284837102907375,16.047741525832148,190.08273381294964,556,6.976532089799344,0.14685531926911238,106227.0,0.007198313537971104
Artificial intelligence,1147394805,2023-03-30T17:34:20Z,Oleanderyogurt,False,-0.0001,293.28314208984375,1.8762886815609472,3.5555615463417265,0.85431654676259,0.9907801800830323,31.299392413362995,16.047257067806644,190.1025179856115,556,6.976532089799344,0.14684011370695985,106238.0,0.00719609354921614
Artificial intelligence,1147308740,2023-03-30T02:57:48Z,HeyElliott,False,-0.0001,293.28314208984375,1.8762886815609472,3.5555615463417265,0.85431654676259,0.9907801800830323,31.299392413362995,16.047257067806644,190.1025179856115,556,6.976532089799344,0.14684011370695985,106238.0,0.007198683669271904
Artificial intelligence,1147178042,2023-03-29T09:13:04Z,Graham87,False,-0.0001,293.28314208984375,1.8762886815609472,3.556250674145184,0.85431654676259,0.9907776938841549,31.299189148286587,16.050948646026818,190.00359712230215,556,6.976532089799344,0.14691617302204685,106183.0,0.00719905383863835
Artificial intelligence,1147177989,2023-03-29T09:12:35Z,Graham87,False,-0.0001,293.28314208984375,1.8762886815609472,3.5558611021244473,0.85431654676259,0.9907796829505015,31.280061539439856,16.05577395662058,190.05755395683454,556,6.976532089799344,0.14687467635788462,106213.0,0.007198683669271904
Artificial intelligence,1146979991,2023-03-28T03:22:05Z,WikiCleanerBot,True,-0.0001,293.28314208984375,1.8762886815609472,3.556094668176182,0.85431654676259,0.9907811741872877,31.240473791201083,16.063370960951584,190.11690647482015,556,6.976532089799344,0.1468290570939141,106246.0,0.007198313537971104
Artificial intelligence,1146890247,2023-03-27T15:40:28Z,Pervezmusk.,False,-0.0001,293.28314208984375,1.8762886815609472,3.556094668176182,0.85431654676259,0.9907811741872877,31.240473791201083,16.063370960951584,190.11690647482015,556,6.976532089799344,0.1468290570939141,106246.0,0.007198313537971104
Artificial intelligence,1146752103,2023-03-26T19:12:53Z,Cheater no1,False,-0.0001,293.28314208984375,1.8762886815609472,3.556094668176182,0.85431654676259,0.9907811741872877,31.240473791201083,16.063370960951584,190.11690647482015,556,6.976532089799344,0.1468290570939141,106246.0,0.00720016457519029
Artificial intelligence,1146751532,2023-03-26T19:08:25Z,Cheater no1,False,-0.0001,293.28314208984375,1.8762886815609472,3.556094668176182,0.85431654676259,0.9907811741872877,31.240473791201083,16.063370960951584,190.11690647482015,556,6.976532089799344,0.1468290570939141,106246.0,0.00720016457519029
Artificial intelligence,1146751299,2023-03-26T19:07:01Z,Cheater no1,False,-0.0001,293.28314208984375,1.8762886815609472,3.556094668176182,0.85431654676259,0.9907811741872877,31.240473791201083,16.063370960951584,190.11690647482015,556,6.976532089799344,0.1468290570939141,106246.0,0.007203128215682239
Artificial intelligence,1146749856,2023-03-26T18:56:53Z,Cheater no1,False,-0.0001,293.28314208984375,1.8762886815609472,3.556094668176182,0.85431654676259,0.9907811741872877,31.240473791201083,16.063370960951584,190.11690647482015,556,6.976532089799344,0.1468290570939141,106246.0,0.0072034988422948285
Artificial intelligence,1146749644,2023-03-26T18:55:09Z,Cheater no1,False,-0.0001,265.7515869140625,1.8160311636575281,3.5564477016759173,0.85431654676259,0.990785148461497,31.20059878320373,16.073254313709914,190.22841726618705,556,7.02125344934934,0.1476840877450427,106308.0,0.007202016564638099
Artificial intelligence,1146630740,2023-03-26T01:36:14Z,Kontinyu,False,-0.0001,293.3702697753906,1.8160311636575281,3.556764911902581,0.85431654676259,0.9907861414946926,31.194990563117557,16.0759059544126,190.23561151079136,556,7.065974808899335,0.14861915870268644,106312.0,0.007202016564638099
Artificial intelligence,1146285532,2023-03-23T22:59:15Z,Maxeto0910,False,-0.0001,293.3702697753906,1.8160311636575281,3.5562082345333046,0.85431654676259,0.9907846518646259,31.204539290307167,16.073496475738615,190.2068345323741,556,7.065974808899335,0.14864152931436742,106296.0,0.007160150414670581
Artificial intelligence,1146254828,2023-03-23T18:42:53Z,AlexBalder01,False,-0.0001,293.3702697753906,1.8160311636575281,3.5562082345333046,0.85431654676259,0.9907846518646259,31.204539290307167,16.073496475738615,190.2068345323741,556,7.065974808899335,0.14864152931436742,106296.0,0.007160519266433134
Artificial intelligence,1146240992,2023-03-23T16:54:28Z,CastJared,False,-0.0001,293.3702697753906,1.8160311636575281,3.5559747749690076,0.85431654676259,0.9907831617528162,31.244111296227288,16.06590274928833,190.1474820143885,556,7.065974808899335,0.14868768997675577,106263.0,0.007160888156200093
Artificial intelligence,1146192784,2023-03-23T09:29:30Z,AlexBalder01,False,-0.0001,293.3702697753906,1.8160311636575281,3.746053738433371,0.8707964601769912,0.9915384234746895,29.990958436724583,15.948275862068966,203.33274336283185,565,7.065974808899335,0.13687712246170905,115432.0,0.007184205085796981
Artificial intelligence,1145972577,2023-03-22T01:18:37Z,Citation bot,True,-0.0001,293.3702697753906,1.8160311636575281,3.746448898787429,0.8707964601769912,0.9915367483296214,30.008311150409554,15.943821518131479,203.27964601769912,565,7.065974808899335,0.1369127051524237,115402.0,0.0071845764201168135
Artificial intelligence,1145846111,2023-03-21T09:06:57Z,Maxeto0910,False,-0.0001,293.3702697753906,1.8160311636575281,3.746448898787429,0.8707964601769912,0.9915367483296214,30.008311150409554,15.943821518131479,203.27964601769912,565,7.065974808899335,0.1369127051524237,115402.0,0.0071845764201168135
Artificial intelligence,1145140887,2023-03-17T14:10:42Z,Alyo,False,-0.0001,293.3702697753906,1.8160311636575281,3.746448898787429,0.8707964601769912,0.9915367483296214,30.008311150409554,15.943821518131479,203.27964601769912,565,7.065974808899335,0.1369127051524237,115402.0,0.007185319203928664
Artificial intelligence,1145130282,2023-03-17T12:53:25Z,Iamthevilla,False,-0.0001,293.3702697753906,1.8160311636575281,3.7470570778514194,0.8725663716814159,0.991542190127609,30.02274870768491,15.944653157409764,203.40176991150443,565,7.065974808899335,0.13683089260506967,115471.0,0.007181977885708381
Artificial intelligence,1144952987,2023-03-16T13:25:18Z,Alyo,False,-0.0001,293.3702697753906,1.8160311636575281,3.746448898787429,0.8707964601769912,0.9915367483296214,30.008311150409554,15.943821518131479,203.27964601769912,565,7.065974808899335,0.1369127051524237,115402.0,0.007185319203928664
Artificial intelligence,1144919596,2023-03-16T08:46:44Z,R ram 01,False,-0.0001,293.3702697753906,1.8160311636575281,3.7470570778514194,0.8725663716814159,0.991542190127609,30.02274870768491,15.944653157409764,203.40176991150443,565,7.065974808899335,0.13683089260506967,115471.0,0.007181977885708381
Artificial intelligence,1144775849,2023-03-15T14:14:57Z,Maxeto0910,False,-0.0001,293.3702697753906,1.8160311636575281,3.7456018288440514,0.872113676731794,0.9915515356326409,30.110211078638656,15.915629858590282,203.1101243339254,563,7.065974808899335,0.13751327264182145,114898.0,0.0071651090342679125
Artificial intelligence,1144775733,2023-03-15T14:14:04Z,Maxeto0910,False,-0.0001,293.3702697753906,1.8160311636575281,3.7456018288440514,0.872113676731794,0.9915515356326409,30.110211078638656,15.915629858590282,203.1101243339254,563,7.065974808899335,0.13751327264182145,114898.0,0.0071651090342679125
Artificial intelligence,1144772559,2023-03-15T13:52:17Z,Maxeto0910,False,-0.0001,293.3702697753906,1.8160311636575281,3.7456018288440514,0.872113676731794,0.9915515356326409,30.110211078638656,15.915629858590282,203.1101243339254,563,7.065974808899335,0.13751327264182145,114898.0,0.0071651090342679125
Artificial intelligence,1144772320,2023-03-15T13:50:35Z,Maxeto0910,False,-0.0001,293.3702697753906,1.8160311636575281,3.740396561148934,0.8687943262411347,0.9915519554738359,30.129224183536223,15.908137009369572,202.75,564,7.065974808899335,0.13751207582311423,114899.0,0.0071651090342679125
Artificial intelligence,1144736534,2023-03-15T08:36:03Z,Roxy the dog,False,-0.0001,293.3702697753906,1.8160311636575281,3.740992893703722,0.8687943262411347,0.9915519554738359,30.110211078638656,15.915629858590282,202.74822695035462,564,7.065974808899335,0.13751327264182145,114898.0,0.007165481073783685
Artificial intelligence,1144736233,2023-03-15T08:33:08Z,R ram 01,False,-0.0001,293.3702697753906,1.8160311636575281,3.7426932397013006,0.8692579505300353,0.991543444933485,30.027820353925478,15.93939557974573,203.08480565371025,566,7.065974808899335,0.1368012745030131,115496.0,0.007133995037220843
Artificial intelligence,1144713403,2023-03-15T05:03:27Z,Iamthevilla,False,-0.0001,293.3702697753906,1.8160311636575281,3.740992893703722,0.8687943262411347,0.9915519554738359,30.110211078638656,15.915629858590282,202.74822695035462,564,7.065974808899335,0.13751327264182145,114898.0,0.007165481073783685
Artificial intelligence,1144713315,2023-03-15T05:02:41Z,Iamthevilla,False,-0.0001,293.3702697753906,1.8160311636575281,3.740893504944591,0.8687943262411347,0.9915519554738359,30.104938408024765,15.915629858590282,202.75177304964538,564,7.065974808899335,0.13751087902523934,114900.0,0.007165481073783685
Artificial intelligence,1144596785,2023-03-14T15:21:59Z,Iamthevilla,False,-0.0001,293.3702697753906,1.8160311636575281,3.7398240644103176,0.8670212765957447,0.9915511157497142,30.103115808022693,15.915884142448252,202.72163120567376,564,7.065974808899335,0.1375312274226822,114883.0,0.0071651090342679125
Artificial intelligence,1144210818,2023-03-12T12:41:59Z,Maxeto0910,False,-0.0001,293.3702697753906,1.8160311636575281,3.7388493859082095,0.8654867256637168,0.9915469146238377,30.11470976513496,15.90730590654544,202.26725663716815,565,7.065974808899335,0.13759470521640685,114830.0,0.007168831168831169
Artificial intelligence,1144050758,2023-03-11T14:58:24Z,Speakfor,False,-0.0001,293.3702697753906,1.8160311636575281,3.7388493859082095,0.8654867256637168,0.9915469146238377,30.11470976513496,15.90730590654544,202.26725663716815,565,7.065974808899335,0.13759470521640685,114830.0,0.007168831168831169
Artificial intelligence,1144050645,2023-03-11T14:57:40Z,Speakfor,False,-0.0001,293.3702697753906,1.8160311636575281,3.7388493859082095,0.8654867256637168,0.9915469146238377,30.11470976513496,15.90730590654544,202.26725663716815,565,7.065974808899335,0.13759470521640685,114830.0,0.007220404134850138
Artificial intelligence,1144050303,2023-03-11T14:55:04Z,Speakfor,False,-0.0001,293.3702697753906,1.8160311636575281,3.741787547978665,0.866785079928952,0.9915756941328947,30.13161393577451,15.900060694313712,202.47957371225579,563,7.065974808899335,0.1379394637821604,114543.0,0.007175167680549056
Artificial intelligence,1144049824,2023-03-11T14:51:09Z,Speakfor,False,-0.0001,293.3702697753906,1.8160311636575281,3.738687220288414,0.8654867256637168,0.991546494281452,30.109432819027177,15.90730590654544,202.26725663716815,565,7.065974808899335,0.13759470521640685,114830.0,0.0070766989280882505
Artificial intelligence,1143891787,2023-03-10T14:50:37Z,Immeasurable radiance,False,-0.0001,293.3702697753906,1.8160311636575281,3.740980343368997,0.8652482269503546,0.9915899477481961,30.146268143608722,15.901605936564607,202.43085106382978,564,7.065974808899335,0.1377278393291434,114719.0,0.007035647279549718
Artificial intelligence,1143676232,2023-03-09T05:56:34Z,Citation bot,True,-0.0001,290.3739929199219,1.8160311636575281,3.739173718267795,0.8634751773049646,0.9915878546540567,30.135705027114795,15.899108745904101,202.43971631205673,564,7.02125344934934,0.1368501795613821,114724.0,0.007035280629527334
Artificial intelligence,1143601606,2023-03-08T19:29:10Z,FULBERT,False,-0.0001,290.3739929199219,1.8160311636575281,3.739173718267795,0.8634751773049646,0.9915878546540567,30.135705027114795,15.899108745904101,202.43971631205673,564,7.02125344934934,0.1368501795613821,114724.0,0.0070330815316488665
Artificial intelligence,1141754345,2023-02-26T16:45:57Z,Ernstludwigstein,False,-0.0001,290.3739929199219,1.8160311636575281,3.7363935406698565,0.8634751773049646,0.9915769537480064,30.20370804255529,15.881802405518602,202.13829787234042,564,7.02125344934934,0.1370532674546502,114554.0,0.007041518881702483
Artificial intelligence,1141754065,2023-02-26T16:43:59Z,Ernstludwigstein,False,-0.0001,290.3739929199219,1.8160311636575281,3.735483227832328,0.8634751773049646,0.9915765339181578,30.200149311652268,15.881930374485513,202.13297872340425,564,7.02125344934934,0.13705685677121981,114551.0,0.007041886182254447
Artificial intelligence,1141616506,2023-02-25T23:26:09Z,King keudo,False,-0.0001,290.3739929199219,1.8160311636575281,3.735430480083753,0.8634751773049646,0.9915748541801686,30.207069145383514,15.87994170058002,202.0886524822695,564,7.02125344934934,0.13708677505544592,114526.0,0.007043355767725779
Artificial intelligence,1141614640,2023-02-25T23:12:47Z,Treetoes023,False,-0.0001,333.104248046875,1.8160311636575281,3.7347793567688856,0.8634751773049646,0.9915731737721266,30.2211111505502,15.875194969829117,202.06205673758865,564,7.065974808899335,0.13797801084611958,114511.0,0.007044825966706674
Artificial intelligence,1141565402,2023-02-25T18:13:01Z,Ringdongdang,False,-0.0001,290.3739929199219,1.8160311636575281,3.735430480083753,0.8634751773049646,0.9915748541801686,30.207069145383514,15.87994170058002,202.0886524822695,564,7.02125344934934,0.13708677505544592,114526.0,0.007043355767725779
Artificial intelligence,1141564999,2023-02-25T18:11:19Z,Ringdongdang,False,-0.0001,290.3739929199219,1.8160311636575281,3.735430480083753,0.8634751773049646,0.9915748541801686,30.207069145383514,15.87994170058002,202.0886524822695,564,7.02125344934934,0.13708677505544592,114526.0,0.007045193612357791
Artificial intelligence,1141447333,2023-02-25T03:21:13Z,Nashhinton,False,-0.0001,290.3739929199219,1.8160311636575281,3.735430480083753,0.8634751773049646,0.9915748541801686,30.207069145383514,15.87994170058002,202.0886524822695,564,7.02125344934934,0.13708677505544592,114526.0,0.007046296779581398
Artificial intelligence,1140991674,2023-02-22T20:22:51Z,Veritas Aeterna,False,-0.0001,282.3027648925781,1.8160311636575281,3.73715710723192,0.8634751773049646,0.9915710723192019,30.215619819819835,15.87346146146146,202.0,564,7.065974808899335,0.1380201963730389,114476.0,0.00704924024855099
Artificial intelligence,1140752859,2023-02-21T16:21:45Z,FULBERT,False,-0.0001,282.3027648925781,1.8160311636575281,3.737180766161213,0.8634751773049646,0.9915702314445332,30.215619819819835,15.87346146146146,201.99822695035462,564,7.065974808899335,0.13802140205284996,114475.0,0.007049608355091384
Artificial intelligence,1140750847,2023-02-21T16:08:25Z,FULBERT,False,-0.0001,282.3027648925781,1.8160311636575281,3.737180766161213,0.8634751773049646,0.9915702314445332,30.215619819819835,15.87346146146146,201.99822695035462,564,7.065974808899335,0.13802140205284996,114475.0,0.007049976500078333
Artificial intelligence,1140750768,2023-02-21T16:07:56Z,FULBERT,False,-0.0001,282.3027648925781,1.8160311636575281,3.737180766161213,0.8634751773049646,0.9915702314445332,30.215619819819835,15.87346146146146,201.99822695035462,564,7.065974808899335,0.13802140205284996,114475.0,0.007067322793424772
Artificial intelligence,1140429346,2023-02-20T01:31:36Z,Countercheck,False,-0.0001,282.3027648925781,1.8160311636575281,3.7393739373937396,0.8612099644128114,0.9916491649164917,30.223928890793616,15.871264754018256,202.23309608540924,562,7.065974808899335,0.1383525538305269,114201.0,0.007043734230445753
Artificial intelligence,1138959157,2023-02-12T16:36:41Z,SporkBot,True,-0.0001,282.3027648925781,1.8160311636575281,3.7393239323932392,0.8612099644128114,0.9916491649164917,30.225663403437267,15.871393613353357,202.21886120996442,562,7.065974808899335,0.13836224637236957,114193.0,0.00702674357629785
Artificial intelligence,1138480085,2023-02-09T22:44:50Z,Smmgeek,False,-0.0001,282.3027648925781,1.8160311636575281,3.7393239323932392,0.8612099644128114,0.9916491649164917,30.225663403437267,15.871393613353357,202.21886120996442,562,7.065974808899335,0.13836224637236957,114193.0,0.007026006711409396
Artificial intelligence,1138039586,2023-02-07T18:23:46Z,Llew Mawr,False,-0.0001,282.3027648925781,1.8160311636575281,3.7335167583791895,0.8612099644128114,0.9916458229114558,30.21483588018907,15.872168251234616,202.15658362989325,562,7.065974808899335,0.13840466721561345,114158.0,0.007029323821014531
Artificial intelligence,1138016906,2023-02-07T15:52:43Z,CharlesTGillingham,False,-0.0001,280.84759521484375,1.8160311636575281,3.7330264672036826,0.8612099644128114,0.9916445689698304,30.22187901923712,15.869787249435342,202.1370106761566,562,7.065974808899335,0.1384180048533908,114147.0,0.007030430220356768
Artificial intelligence,1137392143,2023-02-04T11:11:20Z,Ejrrjs,False,-0.0001,282.3027648925781,1.8160311636575281,3.7335167583791895,0.8612099644128114,0.9916458229114558,30.21483588018907,15.872168251234616,202.15658362989325,562,7.065974808899335,0.13840466721561345,114158.0,0.007029323821014531
Artificial intelligence,1136998742,2023-02-02T06:24:29Z,Stuartyeates,False,-0.0001,282.3027648925781,1.8160311636575281,3.7335167583791895,0.8612099644128114,0.9916458229114558,30.220144948278175,15.872168251234616,202.15480427046262,562,7.065974808899335,0.1384058796219242,114157.0,0.007029323821014531
Artificial intelligence,1136430897,2023-01-30T07:46:22Z,OAbot,True,-0.0001,282.3027648925781,1.8160311636575281,3.730215107553777,0.8579040852575488,0.9916458229114558,30.208183842406356,15.879787093561374,201.77619893428064,563,7.065974808899335,0.1384180048533908,114147.0,0.0070282177698520925
Artificial intelligence,1135674093,2023-01-26T03:34:00Z,KovaiBalu,False,-0.0001,282.3027648925781,1.8160311636575281,3.730215107553777,0.8579040852575488,0.9916458229114558,30.208183842406356,15.879787093561374,201.77619893428064,563,7.065974808899335,0.1384180048533908,114147.0,0.007028586414896407
Artificial intelligence,1135115463,2023-01-22T18:44:18Z,Tassedethe,False,-0.0001,282.3027648925781,1.8160311636575281,3.7306902938379136,0.8612099644128114,0.9916403864444111,30.18168262463979,15.888710046850742,202.02313167259786,562,7.065974808899335,0.13849565667102023,114083.0,0.00703522864493096
Artificial intelligence,1134876760,2023-01-21T05:27:45Z,CactiStaccingCrane,False,-0.0001,282.3027648925781,1.8160311636575281,3.7306902938379136,0.8612099644128114,0.9916403864444111,30.18168262463979,15.888710046850742,202.02313167259786,562,7.065974808899335,0.13849565667102023,114083.0,0.007036336904011762
Artificial intelligence,1134876447,2023-01-21T05:24:16Z,CactiStaccingCrane,False,-0.0001,262.8437805175781,1.7343310151057063,3.7298203472952007,0.8596802841918295,0.991592853925837,30.197353492015594,15.883073178544231,201.72113676731794,563,6.976532089799344,0.13670300396088192,114116.0,0.007033751509107134
Artificial intelligence,1134875981,2023-01-21T05:18:36Z,CactiStaccingCrane,False,-0.0001,282.3027648925781,1.8160311636575281,3.7304804804804803,0.8612099644128114,0.9916416416416416,30.202558193743045,15.880950224241207,202.0444839857651,562,7.065974808899335,0.13848109031947062,114095.0,0.007031905961376994
Artificial intelligence,1134875704,2023-01-21T05:15:21Z,CactiStaccingCrane,False,-0.0001,282.3027648925781,1.8160311636575281,3.6895762235949716,0.8877245508982036,0.9912739211197028,29.542996361818837,16.255792122816242,197.32335329341316,668,7.065974808899335,0.11927769054233603,132464.0,0.008715636111352008
Artificial intelligence,1134769648,2023-01-20T15:04:05Z,LearnMore,False,-0.0001,311.4111633300781,1.8160311636575281,3.698043272131713,0.8895522388059701,0.9912938539781053,29.470700746288003,16.269635119299547,197.23880597014926,670,6.7529252920493645,0.11370139453630915,132804.0,0.008737402136770621
Artificial intelligence,1133990622,2023-01-16T13:25:56Z,Myluxurybed,False,-0.0001,311.4111633300781,1.8160311636575281,3.6978578509547004,0.8895522388059701,0.9912934787293651,29.467718890053447,16.26972954874196,197.23283582089553,670,6.7529252920493645,0.11370481927710843,132800.0,0.008737780084782421
Artificial intelligence,1133496858,2023-01-14T02:42:11Z,Maxtremus,False,-0.0001,311.4111633300781,1.8160311636575281,3.6978578509547004,0.8895522388059701,0.9912934787293651,29.467718890053447,16.26972954874196,197.23283582089553,670,6.7529252920493645,0.11370481927710843,132800.0,0.008735890671625654
Artificial intelligence,1132881532,2023-01-11T01:49:53Z,Maxeto0910,False,-0.0001,311.4111633300781,1.8160311636575281,3.6978578509547004,0.8895522388059701,0.9912934787293651,29.467718890053447,16.26972954874196,197.23283582089553,670,6.7529252920493645,0.11370481927710843,132800.0,0.008737402136770621
Artificial intelligence,1132880815,2023-01-11T01:43:46Z,Maxeto0910,False,-0.0001,311.4111633300781,1.8160311636575281,3.6978578509547004,0.8895522388059701,0.9912934787293651,29.467718890053447,16.26972954874196,197.23283582089553,670,6.7529252920493645,0.11370481927710843,132800.0,0.008737402136770621
Artificial intelligence,1132696616,2023-01-10T03:15:56Z,Rasnaboy,False,-0.0001,311.4111633300781,1.8160311636575281,3.6978578509547004,0.8895522388059701,0.9912934787293651,29.467718890053447,16.26972954874196,197.23283582089553,670,6.7529252920493645,0.11370481927710843,132800.0,0.008737024221453287
Artificial intelligence,1132652449,2023-01-09T22:26:01Z,Ruse.mp,False,-0.0001,307.42816162109375,1.8160311636575281,3.6976593818699084,0.8895522388059701,0.9912927281348334,29.476731834175325,16.267598829091398,197.22388059701493,670,6.7082039324993685,0.11295691070379686,132794.0,0.008737024221453287
Artificial intelligence,1131103814,2023-01-02T15:45:50Z,Citation bot,True,-0.0001,345.5934143066406,1.8160311636575281,3.697430813001121,0.8895522388059701,0.9912923527890335,29.473750035993817,16.267693196225053,197.2179104477612,670,6.7082039324993685,0.11296031327660215,132790.0,0.008737402136770621
